{"cameraMode":{"drawMode":0,"name":"Shaded","section":"Shading Mode"},"sceneLighting":false,"audioPlay":false,"sceneViewState":{"showFog":true,"showMaterialUpdate":false,"showSkybox":false,"showFlares":true,"showImageEffects":true,"showParticleSystems":true},"in2DMode":false,"pivot":{"x":412.5722961425781,"y":126.53321838378906,"z":-33.693389892578128},"rotation":{"x":0.036934223026037219,"y":0.00752789992839098,"z":-0.00028011330869048834,"w":0.999289333820343},"size":1079.7371826171875,"orthographic":false}