{"cameraMode":{"drawMode":0,"name":"Shaded","section":"Shading Mode"},"sceneLighting":false,"audioPlay":false,"sceneViewState":{"showFog":true,"showMaterialUpdate":false,"showSkybox":false,"showFlares":true,"showImageEffects":true,"showParticleSystems":true},"in2DMode":false,"pivot":{"x":1.090000033378601,"y":1.2300000190734864,"z":-0.41999995708465578},"rotation":{"x":-0.1919892132282257,"y":-0.7027767300605774,"z":0.2065836489200592,"w":-0.6531219482421875},"size":2.8578836917877199,"orthographic":false}